{"batch": {"label": "batch", "average_duration": 4.8163034239995115, "n_events": 194, "total_time": 934.3628642559052}, "batch.accumulate": {"label": "batch.accumulate", "average_duration": 0.11038537861145649, "n_events": 194, "total_time": 21.41476345062256}, "batch.backward": {"label": "batch.backward", "average_duration": 2.0203683253416083, "n_events": 194, "total_time": 391.951455116272}, "batch.evaluate": {"label": "batch.evaluate", "average_duration": 0.006724830755253428, "n_events": 194, "total_time": 1.304617166519165}, "batch.forward": {"label": "batch.forward", "average_duration": 1.837446308627571, "n_events": 194, "total_time": 356.4645838737488}, "batch.mom": {"label": "batch.mom", "average_duration": 0.21049947222483525, "n_events": 194, "total_time": 40.83689761161804}, "batch.reduce": {"label": "batch.reduce", "average_duration": 0.3398558282360588, "n_events": 194, "total_time": 65.93203067779541}, "batch.reporting.compr_err": {"label": "batch.reporting.compr_err", "average_duration": 0.0006033882652361368, "n_events": 194, "total_time": 0.11705732345581055}, "batch.reporting.lr": {"label": "batch.reporting.lr", "average_duration": 0.0006536564876123802, "n_events": 194, "total_time": 0.12680935859680176}, "batch.reporting.memory_norm": {"label": "batch.reporting.memory_norm", "average_duration": 3.667344752046251e-05, "n_events": 194, "total_time": 0.0071146488189697266}, "batch.step": {"label": "batch.step", "average_duration": 0.07209524174326475, "n_events": 194, "total_time": 13.98647689819336}, "batch.update_runavg": {"label": "batch.update_runavg", "average_duration": 0.14811962658597022, "n_events": 194, "total_time": 28.735207557678223}, "batch.wd": {"label": "batch.wd", "average_duration": 0.06753123912614645, "n_events": 194, "total_time": 13.101060390472412}, "reduce.allocate_memory": {"label": "reduce.allocate_memory", "average_duration": 0.000685296107813255, "n_events": 194, "total_time": 0.13294744491577148}, "reduce.compute.p": {"label": "reduce.compute.p", "average_duration": 0.047325747529255974, "n_events": 194, "total_time": 9.18119502067566}, "reduce.compute.q": {"label": "reduce.compute.q", "average_duration": 0.0414574404352719, "n_events": 194, "total_time": 8.042743444442749}, "reduce.normalize.p": {"label": "reduce.normalize.p", "average_duration": 0.0013606007566157076, "n_events": 194, "total_time": 0.26395654678344727}, "reduce.outerprod": {"label": "reduce.outerprod", "average_duration": 0.18572178943869994, "n_events": 194, "total_time": 36.03002715110779}, "reduce.p": {"label": "reduce.p", "average_duration": 0.05037912880022501, "n_events": 194, "total_time": 9.773550987243652}, "reduce.prepare.q": {"label": "reduce.prepare.q", "average_duration": 0.00012090648572469495, "n_events": 194, "total_time": 0.02345585823059082}, "reduce.q": {"label": "reduce.q", "average_duration": 0.010984614952323363, "n_events": 194, "total_time": 2.1310153007507324}, "reduce.rank1.all_reduce": {"label": "reduce.rank1.all_reduce", "average_duration": 7.924222454582293e-05, "n_events": 194, "total_time": 0.015372991561889648}, "reduce.rank1.pack": {"label": "reduce.rank1.pack", "average_duration": 0.00022993874304073374, "n_events": 194, "total_time": 0.044608116149902344}, "reduce.rank1.unpack": {"label": "reduce.rank1.unpack", "average_duration": 0.0010042841901484224, "n_events": 194, "total_time": 0.19483113288879395}}