{"batch": {"label": "batch", "average_duration": 4.850963647643181, "n_events": 584, "total_time": 2832.9627702236176}, "batch.accumulate": {"label": "batch.accumulate", "average_duration": 0.10573758736048659, "n_events": 584, "total_time": 61.75075101852417}, "batch.backward": {"label": "batch.backward", "average_duration": 2.1364040725851714, "n_events": 584, "total_time": 1247.65997838974}, "batch.evaluate": {"label": "batch.evaluate", "average_duration": 0.006266795200844334, "n_events": 584, "total_time": 3.659808397293091}, "batch.forward": {"label": "batch.forward", "average_duration": 1.8752408382827288, "n_events": 584, "total_time": 1095.1406495571136}, "batch.mom": {"label": "batch.mom", "average_duration": 0.21162212507365502, "n_events": 584, "total_time": 123.58732104301453}, "batch.reduce": {"label": "batch.reduce", "average_duration": 0.2175901038189457, "n_events": 584, "total_time": 127.07262063026428}, "batch.reporting.compr_err": {"label": "batch.reporting.compr_err", "average_duration": 0.0006011708142006234, "n_events": 584, "total_time": 0.35108375549316406}, "batch.reporting.lr": {"label": "batch.reporting.lr", "average_duration": 0.0007938905938030922, "n_events": 584, "total_time": 0.46363210678100586}, "batch.reporting.memory_norm": {"label": "batch.reporting.memory_norm", "average_duration": 1.615285873413086e-05, "n_events": 584, "total_time": 0.009433269500732422}, "batch.step": {"label": "batch.step", "average_duration": 0.0744249894194407, "n_events": 584, "total_time": 43.46419382095337}, "batch.update_runavg": {"label": "batch.update_runavg", "average_duration": 0.15199462559125196, "n_events": 584, "total_time": 88.76486134529114}, "batch.wd": {"label": "batch.wd", "average_duration": 0.06851741549086897, "n_events": 584, "total_time": 40.01417064666748}, "epoch_metrics.collect": {"label": "epoch_metrics.collect", "average_duration": 0.0024644136428833008, "n_events": 2, "total_time": 0.0049288272857666016}, "reduce.build_lists": {"label": "reduce.build_lists", "average_duration": 1.2764783754740676e-05, "n_events": 584, "total_time": 0.007454633712768555}, "reduce.mean.allreduce": {"label": "reduce.mean.allreduce", "average_duration": 0.05726100239035201, "n_events": 584, "total_time": 33.440425395965576}, "reduce.mean.pack": {"label": "reduce.mean.pack", "average_duration": 0.0409494646608013, "n_events": 584, "total_time": 23.91448736190796}, "reduce.mean.unpack": {"label": "reduce.mean.unpack", "average_duration": 0.07262921496613385, "n_events": 584, "total_time": 42.41546154022217}, "reduce.reduce": {"label": "reduce.reduce", "average_duration": 0.1710362038383745, "n_events": 584, "total_time": 99.88514304161072}, "reduce.zero_mem": {"label": "reduce.zero_mem", "average_duration": 0.046411699219925766, "n_events": 584, "total_time": 27.104432344436646}, "test.last": {"label": "test.last", "average_duration": 35.13134455680847, "n_events": 2, "total_time": 70.26268911361694}, "test.runavg": {"label": "test.runavg", "average_duration": 34.84056878089905, "n_events": 2, "total_time": 69.6811375617981}}